nodes,area,angles,perimeter,avg_density,avg_entropy,cell_type_diversity,max_distance,min_distance,avg_distance,std_distance,density_dispersion,triangle_inequality_ratio,aspect_ratio
"[0, 1, 3]",3273.5,"[1.7856939045244407, 0.40561193367212556, 0.9502868153932273]",315.71044916962603,120.19694947329185,0.0,1,141.15594213493105,57.0087712549569,105.23681638987534,43.4029804758325,0.24698334293287819,0.8086639785638676,2.4760390204456053
"[0, 3, 5]",4847.5,"[2.6025805160800513, 0.27688599972876154, 0.262126137780982]",540.0126739241203,139.15850725592227,0.0,1,265.04716561397146,133.80956617521784,180.00422464137344,73.74088870421183,0.21286547762977395,0.9639287750775273,1.9807789023611635
"[1, 2, 3]",4137.0,"[1.1275600261123306, 1.4366064118699742, 0.5774262156074884]",317.5235017665761,96.24954155667906,0.0,1,128.94960255851896,71.02816342831905,105.84116725552536,30.68339894766968,0.12477294302659699,0.6838146906865751,1.8154714458955945
"[2, 3, 4]",1446.0,"[0.7227674954100477, 1.39624248498814, 1.0225826731916052]",180.29045878187486,88.02450346529368,0.0,1,71.02816342831905,47.70744176750625,60.09681959395829,11.728529832713305,0.1707148919608763,0.6500702113064982,1.488827755100812
"[3, 4, 5]",3699.0,"[1.5480913889451473, 0.47788231449725804, 1.1156189501473879]",315.5808911784572,113.18816145224298,0.0,1,133.80956617521784,61.554853586049575,105.19363039281906,38.39857011880083,0.36566583730801044,0.7361423270300373,2.1738264065263513
"[5, 6, 7]",3857.0,"[2.2390857456254807, 0.4160645057238227, 0.4864424022404903]",377.81116967052867,130.13705258363723,0.0,1,179.0111728356641,92.17917335276988,125.93705655684289,46.52726811986528,0.21532812858307368,0.9004586302099478,1.9419915185243415
"[6, 7, 8]",1904.0,"[1.417594512268, 1.3844338246600614, 0.33956431666173215]",249.98817297536155,121.40409426000929,0.15018706962210152,1,107.22872749408155,36.1386219991853,83.32939099178718,40.86953505249093,0.13848786645723088,0.7511147660498753,2.9671504214106146
"[7, 8, 10]",1965.0,"[1.1438238078047709, 0.3049356707827588, 1.6928331750022634]",265.17523590804325,127.55993147270476,0.15018706962210152,1,119.47384651043926,36.1386219991853,88.39174530268109,45.523060568451825,0.04844708469574946,0.8199911270880714,3.3059878850148925
"[7, 9, 10]",9259.0,"[0.5103189360251108, 1.757389484377118, 0.8738842331875645]",501.9766541134037,159.38581797473694,0.0,1,220.41097976280585,109.5627673984187,167.32555137113457,55.571933451326984,0.37048049945369343,0.7828048652278407,2.0117324981514386
"[8, 10, 15]",6873.0,"[1.8092942659219586, 0.6696773015661657, 0.6626210861016687]",424.9039900583331,114.93988031645101,0.30037413924420303,1,187.0240626229684,118.40608092492548,141.6346633527777,39.31199823740828,0.17625123774716883,0.7862120383141005,1.5795140009874125
"[8, 15, 166]",1529.0,"[2.4967549625277163, 0.5666753614270481, 0.0781623296350288]",423.63091955415854,101.37738179477368,0.5247113615806219,2,209.40391591371923,27.202941017470888,141.21030651805285,99.36535613389782,0.26777581168395825,0.9774860888461326,7.697841045173429
"[9, 10, 11]",7073.5,"[1.2077642088250486, 1.4050172697459504, 0.5288111750187943]",423.013464870901,158.87952138399285,0.0,1,172.00290695217916,87.98295289429652,141.00448829030032,46.13676866649688,0.3740449592756205,0.6852417220150332,1.9549571967517951
"[9, 11, 23]",12967.5,"[1.7873944425168928, 0.6774396599113276, 0.6767585511615729]",579.9348540618777,161.77298444331237,0.0,1,254.0177159176108,162.88953311984167,193.3116180206259,52.57306827046947,0.35095829748448015,0.7793935518824116,1.5594477499712887
"[9, 23, 24]",16292.5,"[1.4939188302311657, 1.163883997342043, 0.48378982601658493]",658.462327558875,160.15311372210982,0.0,1,275.7861490358064,128.65846260545786,219.487442519625,79.4096585075863,0.36362680562636157,0.7206775977020512,2.1435523435526207
"[9, 24, 27]",10450.0,"[1.4716014282952004, 1.3946505710297028, 0.2753406542648903]",630.6874898866702,169.64684279146445,0.15018706962210152,1,278.7436097922247,76.15773105863909,210.22916329555673,116.11868217507136,0.3107425027920285,0.7920115267167673,3.660082908425945
"[10, 11, 12]",3020.0,"[1.640880032424538, 0.8638085021360901, 0.6369041190291651]",272.23551883678954,108.04901548579795,0.0,1,115.43396380615197,68.81860213634101,90.74517294559651,23.43011695682872,0.26896623294221417,0.736178692766135,1.677365715413083
"[10, 12, 15]",3670.0,"[1.3309532307802632, 1.2437418645659932, 0.5668975582435367]",299.29995612729,95.93526092028826,0.15018706962210152,1,118.40608092492548,65.45991139621256,99.76665204243,29.74765050162865,0.2398798969217044,0.6545610280749724,1.808833504345017
"[11, 12, 16]",3080.0,"[1.8894267665114783, 0.5137627992707152, 0.7384030878075994]",296.05477715896075,94.68589630770794,0.0,1,132.9812016790343,68.81860213634101,98.68492571965358,32.309877027925694,0.3136630598451012,0.815467504699458,1.9323438365629193
"[11, 16, 22]",4974.0,"[1.642446682998749, 1.0034624318722491, 0.49568353871879545]",365.2612067655042,96.91562135485856,0.0,1,157.2800050864699,75.0,121.7537355885014,42.27341724261156,0.2852433850958273,0.7562222153576712,2.0970667344862655
"[11, 22, 23]",2743.0,"[1.6232454453133194, 1.3025402723106636, 0.21580693596581024]",355.09803659945754,113.1722035922681,0.0,1,162.88953311984167,34.92849839314596,118.36601219981918,72.31342015053903,0.24214581847018707,0.8474626781385687,4.663513767079251
"[12, 14, 15]",953.5,"[1.3715862528073923, 0.4698052973895633, 1.3002011033928376]",160.04294648465918,75.11472313398657,0.3707081490080955,1,65.45991139621256,30.23243291566195,53.347648828219725,20.026046708010515,0.2294924983130064,0.6920893512774209,2.1652214222660517
"[12, 14, 16]",1115.0,"[1.9388713318921456, 0.30392561733873064, 0.8987957043589172]",203.54434776345687,71.08105955173971,0.22052107938599405,1,94.25497334358543,30.23243291566195,67.84811592115229,33.45070625449966,0.16389983423157922,0.8624349241992515,3.1176774163867087
"[13, 14, 16]",1307.5,"[0.7503571618439092, 0.6492813912369464, 1.741954100508938]",182.27299031310883,66.53036577425412,0.35722651881546374,1,79.05694150420949,48.507731342539614,60.757663437702945,16.148049429767774,0.18195005074391077,0.7659365226291549,1.6297802291751227
"[13, 14, 164]",1198.5,"[1.0487347689135986, 0.9080225568452659, 1.1848353278309287]",158.85504400987486,56.274141663558936,0.5815637411518826,2,57.0087712549569,48.507731342539614,52.95168133662495,4.263703253837778,0.10622580194710948,0.5597531427796316,1.1752512368056711
"[13, 16, 17]",1263.5,"[1.6470234898774205, 0.8240143864513655, 0.6705547772610074]",175.36360049055412,67.96630818867663,0.13670543942946967,1,74.33034373659252,46.32493928760188,58.454533496851376,14.373631082583856,0.15849375472499144,0.7357017493517348,1.6045427124064433
"[13, 17, 18]",494.0,"[1.9693187724613168, 1.0074800653029283, 0.16479381582554672]",169.77723643426705,64.21017188516196,0.2622954931816152,1,81.02468759581859,14.422205101855956,56.592412144755684,36.67353720950792,0.06679911392623847,0.9129280077725263,5.618051263561058
"[13, 18, 21]",2193.0,"[0.6573774961199543, 1.1120855948547685, 1.3721295626150702]",224.8313767263331,70.96548257317416,0.58086212355246,1,88.58893836140041,55.21775076911409,74.94379224211103,17.496914200994066,0.15246076951409573,0.6502301296466096,1.604356155900367
"[13, 21, 164]",1343.5,"[0.9695996306661142, 1.0230752997855848, 1.148917723138094]",167.56476614922016,64.46539476599364,0.6796092921367333,2,59.00847396772772,53.33854141237835,55.854922049740054,2.8881697017650385,0.25948278972229544,0.5435748843473116,1.1063008549767643
"[14, 15, 166]",863.0,"[1.4032058811301475, 1.3168407557350614, 0.42154601672458375]",157.1050496565451,76.76459451057968,0.5950453713445144,2,65.55150646628954,27.202941017470888,52.36834988551504,21.802153457913644,0.2271172972282701,0.7159909292649469,2.409721302714643
"[14, 164, 165]",826.0,"[1.471846926157649, 1.1782423398283457, 0.4915033876037986]",147.52953654411397,64.27847809517954,0.7819930566248634,2,61.40032573203501,29.120439557122072,49.17651218137132,17.507312029924996,0.2893558276090666,0.7128861991549107,2.108495842296383
"[14, 165, 166]",518.5,"[1.6850506547563362, 1.1959556114392988, 0.2605863873941579]",143.95183219832455,74.33532286228743,0.7819930566248634,2,65.55150646628954,17.0,47.98394406610819,26.91303899211127,0.19358301183817,0.8361126800714892,3.855970968605267
"[16, 17, 22]",1735.5,"[1.0495739193963973, 0.5652734077363702, 1.5267453264570254]",207.72517076877327,74.74672701331286,0.0,1,86.40023148117139,46.32493928760188,69.24172358959109,20.64886368578177,0.14414181910688623,0.7121390868892903,1.8650910893755885
"[17, 18, 19]",630.0,"[1.1739781828443434, 0.14810815485702936, 1.8195063158884195]",199.28690741153733,85.26678555771313,0.2339510448826283,1,94.72592042308166,14.422205101855956,66.42896913717911,45.09753972288905,0.3990283373928105,0.9059394249361871,6.5680608307873545
"[17, 19, 22]",2265.0,"[1.194483596466922, 1.3263371441407839, 0.6207719129820872]",230.5760377121963,89.40339618819803,0.10836099113048274,1,90.13878188659972,54.037024344425184,76.85867923739876,19.85233333449675,0.355221412779469,0.6418437996149644,1.6680929969804865
"[18, 19, 130]",3019.5,"[0.6030854768879852, 1.001478436777335, 1.5370287399244729]",270.915701768938,89.10495512404191,0.3841381145047298,2,112.40106761058811,63.788713735268246,90.30523392297933,24.60583445392519,0.3436489677454719,0.7090895311173848,1.7620839334849685
"[18, 20, 21]",2295.0,"[1.384948567557521, 1.0113749329518507, 0.7452691530804217]",226.12020700336834,73.77919867893702,0.610957491969053,1,88.58893836140041,61.1310068623117,75.37340233445612,13.757737124698577,0.10347047153503752,0.6441367060462593,1.4491653729985754
"[18, 20, 34]",1814.5,"[0.9750757769190297, 1.3451650440370215, 0.8213518326337422]",198.66944151130386,65.59325697588893,0.5200268964983654,1,76.40026177965623,57.38466694161429,66.22314717043461,9.5782132083409,0.09991440724973517,0.6248529837800255,1.3313706579039528
"[18, 34, 130]",691.5,"[1.350979275799694, 1.4499135405163759, 0.3406998372737232]",150.51355619314313,66.99617874033167,0.5034131582744044,2,64.88451279003334,21.840329667841555,50.171185397714375,24.541357616934256,0.12111541779391992,0.757739549706063,2.9708577561249685
"[19, 22, 23]",926.0,"[1.7648668781168637, 0.8632382401252929, 0.5134875353476369]",158.7365769076208,111.68145461939673,0.10836099113048274,1,69.77105417004964,34.92849839314596,52.91219230254026,17.448491585478077,0.23479912324171126,0.7842482348567659,1.9975394700546547
"[19, 23, 25]",4341.0,"[1.50821976094894, 0.5246564889307377, 1.1087164037101156]",333.46503126268453,125.9728916803051,0.10836099113048274,1,139.01438774457844,69.77105417004964,111.15501042089484,36.54922006686511,0.02189380031431488,0.7149083450147299,1.9924363964139822
"[19, 25, 30]",12456.0,"[1.139674814237265, 0.7369658034244245, 1.264952035928104]",524.1935487242904,116.86737195981776,0.10836099113048274,1,197.2536438193221,139.01438774457844,174.7311829080968,31.28131358024815,0.1113511160827437,0.6033330311167058,1.4189440893107481
"[19, 30, 31]",4194.0,"[1.5514854228482169, 1.35587954260837, 0.23422768813320663]",424.88339175227895,106.26791570431472,0.10836099113048274,1,192.3148460207896,44.64302857109943,141.62779725075964,84.01994149513904,0.15369339004946203,0.8269168361349499,4.307836008807174
"[19, 31, 32]",10323.5,"[1.1409223166004065, 1.3569890134518365, 0.6436813235375503]",489.3117590001144,107.86632109851854,0.29580603933675215,1,192.3148460207896,118.10588469674153,163.1039196667048,39.543230571561466,0.14751617117717838,0.6475314645246073,1.6283256885513635
"[19, 32, 130]",5446.0,"[0.6248948072140775, 1.9442547540646793, 0.5724430923110361]",395.3689905432328,101.6105593386826,0.44599310895885375,2,178.89102828258325,104.0768946500615,131.78966351441093,41.00276681075933,0.25225890455219746,0.8263706218150284,1.7188351831986326
"[20, 21, 128]",471.0,"[0.10712260402205272, 0.07826140626643413, 2.9562086433013035]",288.8561918899909,95.31062358049603,0.8101390225066906,2,144.12494579357175,61.1310068623117,96.28539729666363,42.9264883391998,0.3555046515323383,0.9958108541230726,2.357640634288771
"[20, 34, 128]",1974.5,"[1.4276941118497666, 0.7469462223382954, 0.9669523194017313]",210.51187935879653,87.12468187744794,0.7192084270360031,2,83.60023923410746,57.38466694161429,70.17062645293218,13.119633181022346,0.46785552542627434,0.6587279082672897,1.4568393211929949
"[21, 128, 165]",909.0,"[0.05462886201875974, 0.09009532560252981, 2.9968684659685043]",462.6087039143928,100.50124390635376,0.9804729695630785,3,231.01947969814148,87.46427842267951,154.2029013047976,72.30627803845448,0.2864876668571643,0.997539848755753,2.64130092723932
"[21, 164, 165]",222.0,"[2.8802405243910867, 0.1752180504824116, 0.08613407871629475]",175.5931919475293,72.46973119761424,0.8800386076097141,2,87.46427842267951,29.120439557122072,58.53106398250977,29.174849161786973,0.273663249241925,0.992458376308215,3.0035356523761028
"[23, 24, 25]",3400.5,"[1.2814047247646765, 1.4223593851729202, 0.4378285436521965]",308.49238088606506,125.8437699319739,0.0,1,128.65846260545786,55.15432893255071,102.83079362868835,41.33693049249254,0.02286892511854239,0.7154293463411237,2.3326992657783356
"[24, 25, 26]",1716.0,"[1.5935196876365376, 0.7150916992788239, 0.8329812666744316]",201.490978377447,114.54175661928309,0.13670543942946967,1,84.09518416651456,55.15432893255071,67.163659459149,15.085233577349655,0.14586218944901877,0.7163389858363701,1.5247249997249748
"[24, 26, 27]",3200.0,"[0.7527616301090967, 0.8555171333774619, 1.533313890103235]",271.5722756257596,125.62015653816862,0.2868925090515712,1,111.31936040060596,76.15773105863909,90.52409187525319,18.44134445318659,0.24857728116115999,0.694647958473663,1.4616948122429423
"[25, 26, 29]",4997.0,"[1.4927084857399973, 0.37813290957757284, 1.2707512582722231]",391.37782382040376,109.0190266528371,0.13670543942946967,1,168.0773631397161,62.24146527838174,130.45927460680124,59.18248477041861,0.1343170587076617,0.7526959981513932,2.700408198746154
"[25, 29, 30]",5406.5,"[1.8492303402261778, 0.9601386404337124, 0.3322236729299028]",432.2413947923186,111.21552024504058,0.0,1,197.2536438193221,66.91038783328041,144.08046493077288,68.40489337758291,0.10569310495048041,0.8394209613163598,2.9480272078352914
"[26, 27, 131]",2010.0,"[0.32824265227190397, 1.3877924042407173, 1.4255575970771721]",259.83379130191884,116.59201487260543,0.4536933168976338,2,112.01785571952357,36.49657518178932,86.61126376730628,43.40199860542307,0.3049679964623063,0.7578198878096116,3.069270340067883
"[26, 28, 29]",5965.0,"[1.647343866284842, 0.8037486428185385, 0.6905001444864127]",380.2394580792327,104.65298585664137,0.3361286356245554,1,161.05899540230592,102.88342918079664,126.74648602641089,30.46296800929363,0.08000350337028125,0.7348236856298082,1.5654512751443928
"[26, 28, 131]",1983.0,"[0.31887592164494083, 1.616150981456768, 1.2065657504880845]",261.57320235246846,101.14757415752415,0.5029294434706181,2,116.29703349613008,36.49657518178932,87.19106745082281,44.0633252850837,0.08734529721205482,0.8005238189557067,3.1865190888968336
"[27, 131, 132]",6321.0,"[2.0935129435935753, 0.48057435336699905, 0.5675053566292186]",452.2223728272061,145.72844610113907,0.5164110736632499,2,209.95475703112805,112.01785571952357,150.74079094240201,52.08474747071908,0.30268830969539606,0.8666232849208025,1.8742972330841992
"[28, 29, 42]",6031.0,"[1.3603938358369314, 0.7965470014787759, 0.984651816274086]",363.496944145533,104.01956590393671,0.3250132499472313,1,140.73023839957068,102.88342918079664,121.165648048511,18.95596474665805,0.0907806543278878,0.6317382031049827,1.3678610785053247
"[28, 42, 127]",3664.0,"[0.46874819890089287, 1.7312499950788915, 0.9415944596100086]",320.3957815041934,107.59313344539144,0.47520031956933284,2,140.73023839957068,64.40496875241847,106.79859383473114,38.85988332954944,0.1189321106353675,0.7832900842740934,2.1850835599432865
"[28, 127, 132]",4157.0,"[1.3734932910010065, 0.4878547332761446, 1.2802446293126422]",330.78520705014813,137.36298462662975,0.549033462012273,2,134.73678042761748,64.40496875241847,110.26173568338271,39.7432317021625,0.28666252745335874,0.6872627480303022,2.0920246222859626
"[28, 131, 132]",6565.5,"[1.1857289778885258, 0.8453890616482013, 1.1104746140530666]",373.766134178721,130.28400538605777,0.565647200236234,2,134.73678042761748,108.77959367454908,124.588711392907,13.873697783301584,0.35252964294140127,0.5636829883576399,1.2386218395954676
"[29, 30, 37]",1259.5,"[1.1019222845461014, 1.3729427517098673, 0.6667276173338242]",169.9892085461965,84.92449031606897,0.0,1,66.91038783328041,42.20189569201838,56.66306951539883,12.881957523591637,0.4030572978678537,0.649118678022442,1.5854829916072972
"[29, 36, 37]",942.0,"[0.9901791133404232, 1.7079343453466447, 0.44347919490272514]",164.24281540555216,71.93667982406909,0.0,1,72.12489168102785,31.240998703626616,54.74760513518405,21.11988631463136,0.44365725833335456,0.7829626283883147,2.3086615240842225
"[29, 36, 42]",3045.0,"[1.7232975838208433, 0.6368223032851335, 0.7814727664838163]",277.4365007828877,87.87694733717615,0.12559005375214558,1,119.88327656516569,72.12489168102785,92.4788335942959,24.64747462840349,0.2590160087024746,0.7609065264161118,1.6621623100017837
"[30, 31, 40]",1524.0,"[1.2665669967349003, 0.6318737258369006, 1.2431519310179926]",188.3152167316386,88.72892711283863,0.11627736528101063,1,72.11102550927978,44.64302857109943,62.7717389105462,15.702330757544585,0.17378657313099521,0.6205544288096635,1.6152807687416244
"[30, 37, 40]",968.0,"[1.8557008196207943, 0.59637060905986, 0.6895212249091387]",162.11459481216664,73.03735343937007,0.11627736528101063,1,72.11102550927978,42.20189569201838,54.03819827072221,15.899990298147092,0.3857978457646928,0.8012018419692476,1.708715315433522
"[31, 32, 38]",1833.5,"[0.30359979663874087, 1.8163523941047217, 1.0216404628463305]",258.3621032228819,87.65673433609551,0.3241504876357391,1,118.10588469674153,36.40054944640259,86.12070107429396,43.64444145258542,0.24958039091343384,0.8420723582728664,3.2446181855206513
"[31, 38, 40]",1299.0,"[1.1585878238054268, 0.4848288413947872, 1.4981759883895793]",185.85908047426375,76.02494700837856,0.2529828047104803,1,77.89736837660179,36.40054944640259,61.95302682475458,22.354724352513458,0.1960823704306453,0.7215277237001946,2.1400052900657593
"[32, 33, 130]",1680.0,"[2.020056439406777, 0.5020901990219943, 0.6194460151610222]",226.76468907288654,83.68722866004737,0.5686811780150194,2,104.0768946500615,55.60575509783138,75.58822969096218,25.330402647402064,0.23827600875259594,0.8483068355714027,1.8716928574560532
"[32, 33, 133]",2847.0,"[0.9796391595788524, 0.46364760900080615, 1.698305885010135]",282.1721738976341,99.88421939295705,0.6390151877789119,2,123.3288287465668,55.60575509783138,94.05739129921136,34.7823333458317,0.26602675417844196,0.7764179772799134,2.2179148278732144
"[32, 38, 39]",1405.0,"[0.8105661424415391, 1.9976382971302802, 0.33338821401797375]",223.87208491930426,79.63639403075057,0.4909512954818018,1,103.85566907973777,37.33630940518894,74.62402830643475,33.98354894622745,0.2951675334844026,0.8653455308861097,2.781626538195124
"[32, 39, 133]",4161.0,"[1.035268323028222, 0.7597627548757708, 1.3465615756858005]",302.9561517064004,99.20299572373773,0.5747669354383261,2,117.03845521878696,82.68010643437755,100.98538390213348,17.28954473686568,0.2792325489918775,0.6295175630394308,1.4155576264488643
"[33, 34, 129]",1293.0,"[0.6082278703133592, 1.235189846251126, 1.298174937025308]",174.86324968086842,63.69553402070931,0.6830223174232245,2,67.94115100585212,40.311288741492746,58.28774989362281,15.58227578076168,0.09996959433441285,0.6354266503162777,1.6854125265392403
"[33, 34, 130]",720.0,"[1.428024381775286, 1.3854483767992019, 0.3281198950153051]",155.5331789263588,67.4856535400963,0.6088721647089073,2,67.08203932499369,21.840329667841555,51.844392975452934,25.98534924741651,0.12369034105306603,0.7584078580255892,3.0714755841697556
"[33, 129, 133]",2476.5,"[1.1776836836986688, 0.3067140937377811, 1.6571948761533437]",296.6551542320307,85.16132533498366,0.6759073619090614,2,133.01503674397117,40.311288741492746,98.88505141067691,50.957039859686496,0.381968511763443,0.812851022022011,3.299696955782455
"[34, 128, 129]",290.0,"[1.3241956050743988, 1.694302425110935, 0.1230946234044594]",146.07044945596954,84.7374841225037,0.7767448415263593,2,69.52697318307479,8.602325267042627,48.690149818656515,34.726128001192066,0.5012245907045938,0.9083331012455647,8.08234646153729
"[35, 38, 39]",677.0,"[0.6754621306171984, 1.7860218679030957, 0.6801086550694991]",132.4577317917301,74.78647622097355,0.4909512954818018,1,58.0,37.12142238654117,44.15257726391004,11.992701173283763,0.20290249122044118,0.7789654425981581,1.5624401294770596
"[35, 38, 126]",1892.0,"[1.2441384190420635, 0.8296634201136078, 1.067790814434122]",201.34871716170397,75.45878997982231,0.4743375572578406,2,74.46475676452586,58.0,67.11623905390132,8.373510786364177,0.1961276038806919,0.5868728918251983,1.2838751166297562
"[35, 39, 133]",2160.0,"[1.4642568191179886, 0.31548189843329755, 1.3618539360385076]",273.12205646903254,94.3530779139607,0.5747669354383261,2,118.9621788637044,37.12142238654117,91.04068548967751,46.705357062701424,0.2863051485372928,0.7716805482180323,3.2046772783910242
"[35, 57, 64]",2654.0,"[1.99355624735045, 0.5724350328909831, 0.5756013733483604]",280.712786987586,78.59925704017998,0.3241504876357391,1,128.1288414058287,76.10519036176179,93.570928995862,29.928612902655935,0.14903648828867455,0.8397268855338053,1.6835755984155008
"[35, 57, 126]",2698.0,"[0.9257551173356103, 0.955631512934183, 1.2602060233199999]",239.29987443382015,77.87055609227086,0.4743375572578406,2,88.72992730753249,74.46475676452586,79.76662481127339,7.805661363799914,0.15812029032895966,0.5892937402250129,1.1915694237492278
"[35, 64, 65]",3978.5,"[1.736902702180645, 0.9832869199928576, 0.42140303141629065]",342.9193518784431,113.27523863224864,0.37489009641253884,1,151.82226450688975,62.96824596572466,114.3064506261477,46.011444422861636,0.4795056884552021,0.794477124665428,2.411092482860818
"[35, 65, 133]",7164.0,"[0.8713807778505902, 1.3539904021863962, 0.9162214735528068]",394.11327211716093,129.83579320390942,0.5954111757985329,2,151.82226450688975,118.9621788637044,131.37109070572032,17.845301627714363,0.3230719612441081,0.6266112226133386,1.2762229639458214
"[36, 37, 40]",728.0,"[1.34660739050228, 0.6406275534842084, 1.1543577096033049]",130.00344153945872,60.049542947370185,0.11627736528101063,1,50.96076922496363,31.240998703626616,43.334480513152904,10.591704205780875,0.22201789557273793,0.6447247762854076,1.6312144726361721
"[36, 40, 43]",1795.5,"[0.7506050603356645, 0.4844718884564026, 1.906515704797726]",228.90341432025764,76.80707873207002,0.11627736528101063,1,103.31021246711283,50.96076922496363,76.30113810675255,26.214585356656148,0.2218205764593677,0.8225780610953186,2.0272498637345002
"[36, 42, 43]",1553.0,"[1.0626050460918324, 1.5701524118806718, 0.5088351956172893]",201.67806925824496,84.01054712067499,0.12559005375214558,1,85.42833253669417,41.617304093369626,67.22602308608165,22.825265169202858,0.2183390124046356,0.7348690409623712,2.0527118321992512
"[38, 40, 126]",1466.0,"[1.0781168125399658, 1.4853974438811903, 0.5780783971686372]",189.50134750036753,68.6769204618824,0.40316987433258183,2,77.89736837660179,42.72001872658765,63.167115833455846,18.272197895276804,0.06298267495298449,0.6979802063348992,1.8234394716714117
"[40, 43, 55]",5515.5,"[0.8687466845489946, 0.8232012009758082, 1.4496447680649907]",350.72049119299163,87.40614352231705,0.2418674190331562,1,139.84634424968,103.31021246711283,116.90683039766388,19.979727464552028,0.15534761084345744,0.6631744397158095,1.3536545991926776
"[40, 55, 126]",1392.5,"[0.3383340321277465, 2.1521406849988374, 0.6511179364632093]",228.29036319581206,78.9921548645896,0.3920544886552577,2,107.56393447619884,42.72001872658765,76.09678773193735,32.46410857116982,0.17209643827451906,0.890972553540996,2.517881257604747
"[41, 42, 44]",2230.0,"[1.2105521801840164, 0.44301425214783197, 1.488026221257945]",249.38181497142574,96.46125103743698,0.5124582981535007,1,105.26157893552612,45.27692569068709,83.12727165714192,32.93607536212525,0.09910241907812782,0.7303733454149076,2.324839359779614
"[41, 42, 127]",2047.5,"[0.90219027692922, 0.38692312682405644, 1.8524792498365168]",254.69162900174263,106.22087106486369,0.47520031956933284,2,115.26057435220424,45.27692569068709,84.89720966724754,35.89840784872105,0.11687131464332363,0.8266492327832782,2.545680224395446
"[41, 44, 121]",3030.0,"[1.111116950933124, 1.3003602016418965, 0.7301155010147731]",259.177717405412,92.21378928842593,0.5990396338329594,2,98.84331034521254,68.41052550594829,86.39257246847068,15.952590179029443,0.1475540919416622,0.6164822146259639,1.4448552998853683
"[41, 46, 47]",2316.0,"[1.9971635388240585, 0.9534937870944943, 0.1909353276712412]",347.34237560075155,102.15773095439648,0.5637646705247126,1,165.08179790637126,34.40930106817051,115.78079186691718,70.99445296644247,0.15263469270646074,0.9057460477448124,4.797592301550007
"[41, 46, 121]",3317.0,"[0.5858297994221725, 2.045834330459563, 0.5099285237080582]",320.9293324415549,90.82263051344971,0.6392306205268472,2,147.85127662620977,81.15417426109393,106.97644414718496,35.80587377004403,0.15764867159063548,0.8542462297123935,1.8218567063541802
"[41, 47, 127]",7758.0,"[0.5324406775687923, 1.0974514923299477, 1.5117004836910535]",444.3872163557362,113.30850975679941,0.4863157052466569,2,185.15128949051368,94.15412895885127,148.12907211857873,47.808649739700336,0.04927130390363239,0.7142192508940876,1.9664702072856668
"[42, 43, 44]",2046.0,"[1.529763652475526, 0.40610870080455125, 1.2057203003097157]",245.2861998300361,92.6660600698887,0.313035101958415,1,105.26157893552612,41.617304093369626,81.76206661001204,34.93489223527004,0.03809057615909984,0.7517362179814561,2.5292743302009355
"[43, 44, 54]",3549.0,"[1.4839485589747194, 0.9934016679409261, 0.6642424266741476]",287.8132476669622,92.29800829846106,0.3241504876357391,1,117.00427342623004,72.40165743959182,95.93774922232073,22.40362495741809,0.03770133988097504,0.6850007380837516,1.6160441288771923
"[43, 54, 55]",7519.5,"[1.1219650285571872, 0.8538193818887622, 1.165808243143844]",399.51455845983764,94.24156013949437,0.2622954931816152,1,142.6639407839276,117.00427342623004,133.17151948661254,14.071943591422118,0.0192814624037471,0.5554354592362267,1.2193053860881047
"[44, 45, 117]",3686.5,"[0.9107304359130761, 1.0454500503928366, 1.1854121672838804]",278.5687764651911,82.3573181430895,0.5686811780150194,2,99.98499887483122,85.23496934944014,92.85625882173036,7.387340282384115,0.11985893057850511,0.5598772756626271,1.1730513853406808
"[44, 45, 121]",2748.0,"[0.7885009094180321, 1.3165918874981573, 1.036499856673604]",244.76535762465653,85.56122033716115,0.6306654978245221,2,93.34880824091972,68.41052550594829,81.58845254155217,12.52943006733877,0.05100576721044691,0.6165033387753719,1.3645386810075455
"[44, 54, 117]",1785.5,"[1.5123359929404931, 1.0121718402874247, 0.6170848203618755]",207.04310409717442,84.02937608378556,0.4743375572578406,2,85.23496934944014,49.4064773081425,69.01436803239147,18.152837454084988,0.13583145736635505,0.6997477592605986,1.7251780331926816
"[45, 52, 82]",6812.5,"[1.3210742753537348, 0.9624139539310794, 0.858104424304979]",383.1800821327445,93.20774678457599,0.49334455336826366,1,145.82523787054146,113.86395390991832,127.72669404424816,16.396263073960935,0.056337678832073156,0.6143764974497428,1.2806971202309452
"[45, 52, 117]",2482.5,"[0.8993800860264811, 1.8283876997521586, 0.4138248678111539]",274.827617532987,84.51334208151677,0.5179415692382197,2,123.4908903522847,51.35172830587107,91.609205844329,36.79171247518982,0.14652357637794639,0.8160007993620177,2.4048049486616
"[45, 82, 118]",2318.0,"[0.23869503893661592, 1.7774662149673508, 1.1254313996858265]",315.5149582899314,85.6900914335223,0.5876881741254425,2,145.82523787054146,35.22782990761707,105.17165276331048,60.83901036794133,0.14276529050407166,0.8593640057284131,4.139489666350713
"[45, 118, 120]",425.0,"[0.933725997519213, 1.2610933822524404, 0.9467732738181397]",94.97662944186135,74.07121828394155,0.6742695098049012,2,35.22782990761707,29.73213749463701,31.65887648062045,3.094076595242243,0.169500524483046,0.5895989573384931,1.1848401385191818
"[45, 120, 121]",1167.0,"[1.5356779518929986, 0.3660947054684158, 1.2398199962283794]",191.28750891904747,76.68777194543497,0.655391839049857,2,83.00602387778854,29.73213749463701,63.76250297301582,29.555284162467846,0.16895107012466332,0.7665763343212407,2.791794700019832
"[46, 47, 49]",630.0,"[1.792488441154341, 0.639805143818133, 0.7092990686173192]",128.1687210138998,92.0526778397018,0.5145285439517284,1,56.22277118748239,34.40930106817051,42.72290700463327,11.79533066981108,0.21644024388742816,0.7814584604571898,1.633941098544716
"[46, 49, 119]",2483.0,"[1.324207359101785, 0.6139382093327207, 1.2034470851552874]",241.94658004201472,91.38919433470024,0.589994493953863,2,94.64142856064674,56.22277118748239,80.64886001400491,21.228331721125905,0.20569474095351678,0.642485531625264,1.6833291309148064
"[46, 119, 120]",3380.0,"[1.1273479903751584, 1.147942400661956, 0.8663022625526788]",267.46167461658735,86.50595582064966,0.6519788137633657,2,94.64142856064674,79.07591289387686,89.15389153886245,8.739304046383143,0.29188812745118276,0.5476292895105127,1.196842693269434
"[46, 120, 121]",3029.0,"[0.9661449188701691, 1.2543041821115541, 0.9211435526080701]",253.44785496977957,75.83433888470444,0.6519788137633657,2,93.74433316206373,78.54934754662193,84.48261832325986,8.12593390753312,0.15772345220297246,0.5869897676704497,1.1934450901253255
"[47, 48, 49]",242.5,"[1.9170818342542746, 0.6930516527327685, 0.5314591666027503]",83.25549474236753,104.68328882924042,0.2868925090515712,1,37.53664875824692,20.223748416156685,27.751831580789176,8.874331854695813,0.2331772600678975,0.8210322887695899,1.856067826093951
"[47, 48, 132]",2897.5,"[1.14690248996714, 0.09697536978230838, 1.8977147938403438]",514.8747182018848,139.94573388603234,0.3361286356245554,1,249.3692041933005,25.495097567963924,171.62490606729492,126.6386095394619,0.2658540017837256,0.939224200764576,9.781064909774946
"[47, 127, 132]",12094.5,"[1.6940674019456843, 0.8719368107252435, 0.5755884409188653]",556.8051638012462,138.46590169889663,0.4863157052466569,2,240.01041644062036,131.64345787011217,185.60172126708207,54.184883445888914,0.27670372905005564,0.7576211993420541,1.823185294003975
"[48, 49, 93]",1173.0,"[2.43799161510249, 0.06709282269935517, 0.6365082157879512]",394.686642215438,107.80952411565761,0.30037413924420303,1,195.16147160748716,20.223748416156685,131.56221407181266,96.74748442612768,0.24859602462522168,0.9781295814098666,9.650113697595907
"[49, 93, 119]",7575.0,"[0.5267440203689704, 1.4267190967964136, 1.1881295364244093]",438.45819077848296,104.49661108590742,0.5125455286758073,2,179.30142219179413,91.0823802938856,146.15273025949432,48.02154887697021,0.23530460880733545,0.6918647086457138,1.9685632019416022
"[50, 51, 89]",4943.0,"[1.4802094030028725, 0.8264450195076454, 0.8349382310792756]",333.64722225113525,99.15243045604693,0.47446688261321945,1,134.3800580443393,99.24716620639605,111.21574075037842,20.064608493985812,0.05527215904930016,0.6743713073814914,1.3539939041169229
"[50, 51, 119]",4909.5,"[1.2030493567558125, 0.9212125679584712, 1.0173307288755098]",321.5677819849599,105.04569307436041,0.5499328326153541,2,116.29703349613008,99.24716620639605,107.1892606616533,8.584497551529768,0.07362791731899514,0.5665543403153646,1.1717919809848965
"[50, 88, 89]",2704.5,"[1.3471998675668138, 1.4971637430469085, 0.2972290429760706]",312.17818859826303,105.49724470896639,0.3990009326110849,1,137.43725841270262,40.36087214122113,104.05939619942102,55.18571458192675,0.10074258537208224,0.7865201259187279,3.4052103218140326
"[50, 88, 91]",5126.0,"[0.6810713071241079, 1.4364179275030367, 1.0241034189626486]",343.2321301525266,109.76241129283387,0.2622954931816152,1,137.43725841270262,87.32124598286491,114.41071005084221,25.30383643823937,0.05193417625733088,0.6678361673971038,1.5739269047955637
"[50, 90, 91]",1572.5,"[1.7577755967138078, 0.6496560608819562, 0.7341609959940296]",200.61986879214416,99.46016380937716,0.2622954931816152,1,87.32124598286491,53.75872022286245,66.87328959738139,17.942817717324814,0.12395212789363189,0.7707176293736311,1.6243177966451854
"[50, 90, 92]",1904.0,"[1.9605048981377624, 0.47372013590073725, 0.7073676195512937]",239.34006615861347,91.6670842132397,0.41248256280371676,1,109.00458705944445,53.75872022286245,79.78002205287116,27.761882534602883,0.12936397036921332,0.836338561171863,2.027663355964473
"[50, 92, 119]",6308.5,"[0.7661234422670163, 0.7074139415820184, 1.6680552697407585]",392.24172957674415,100.77773143715031,0.4879485128058514,2,166.94010902116963,109.00458705944445,130.74724319224805,31.555310114792434,0.14562644336679598,0.7409627529953384,1.531496183093017
"[51, 82, 89]",4245.0,"[1.0607923340980427, 0.981815834712402, 1.0989844847793484]",297.3975783657337,96.39605031833194,0.47446688261321945,1,102.08329931972224,95.29428104561154,99.13252612191123,3.4804305815349084,0.013053807417718374,0.5226617317399196,1.0712426621998565
"[51, 82, 118]",4038.0,"[0.6819077055812156, 0.7819430932366445, 1.677741854771933]",314.99114090682457,89.0011423392068,0.5688105033703983,2,134.46189051177288,85.23496934944014,104.99704696894152,26.008271601604573,0.15804356619222104,0.7448205219792929,1.5775437187114574
"[51, 118, 119]",3313.5,"[1.4032261097062553, 0.9151663360139176, 0.82320020786962]",270.11284764673917,94.18225676616441,0.655391839049857,2,106.02358228243376,78.85429601486528,90.03761588224639,14.207096443734669,0.2134035585207846,0.6461335666720417,1.3445504892015856
"[52, 53, 83]",3461.5,"[0.7847485785014455, 0.7192686706886422, 1.6375754043997055]",288.50434591982633,93.2233018989014,0.46171868937670096,1,121.80722474467596,80.43009387039157,96.16811530660878,22.395097623412983,0.03425610683204649,0.7307098280161172,1.5144483722841506
"[52, 53, 117]",1756.5,"[0.685349205666267, 1.4391958431625322, 1.017047604760994]",200.7890681726071,85.28545554560934,0.4863157052466569,2,80.43009387039157,51.35172830587107,66.92968939086903,14.650085906324538,0.14897477228788275,0.6682517389059458,1.566258751629903
"[52, 80, 82]",2570.0,"[1.3157723394675418, 1.4278099480028703, 0.39801036611938073]",275.93985087758915,86.0239236865363,0.2622954931816152,1,116.46887996370532,45.60701700396552,91.97995029252972,40.18125329398828,0.20507157738863113,0.7303453368111734,2.553749129296888
"[52, 80, 83]",4254.5,"[0.8025502675647932, 1.3289448155057098, 1.0100975705192903]",304.3282298130344,85.26736533676913,0.2622954931816152,1,116.46887996370532,86.2670273047588,101.44274327101147,15.101481929846738,0.19896883245068017,0.619979149598453,1.3500972921235745
"[53, 54, 61]",1695.5,"[0.542194121300291, 0.42298087241190485, 2.1764176598775973]",244.0127180430327,89.0429574759781,0.47283407505402514,1,114.72575996697516,57.28001396647874,81.3375726810109,29.837877028064625,0.039123304826568596,0.8873730318527856,2.0028933658101877
"[53, 54, 117]",1394.5,"[1.4003613038289864, 0.957979873584634, 0.7832514761761726]",175.6937372709657,84.26376383363245,0.4863157052466569,2,69.00724599634447,49.4064773081425,58.5645790903219,9.86332164943156,0.13728692750931926,0.6468227155274346,1.3967246757131506
"[53, 61, 163]",4526.5,"[1.426982203329324, 0.548159192111476, 1.1664512581489932]",335.7939718639138,90.30765024852604,0.46171868937670096,2,136.75159962501354,72.00694410957877,111.93132395463793,34.91515540052556,0.059724461755896234,0.6870476777722367,1.89914460773266
"[53, 83, 163]",5282.0,"[1.387529586844213, 1.0670959379364695, 0.6869671288091107]",346.76313265448925,93.46630295947244,0.45060330369937684,2,136.75159962501354,88.20430828479978,115.58771088482975,24.864063195855838,0.036904906021268905,0.6511623321459211,1.550395919249898
"[54, 55, 61]",5352.5,"[0.9306966673624782, 1.4979687936156125, 0.7129271926117023]",350.94716972051526,90.75212156716454,0.3990009326110849,1,142.6639407839276,93.55746896961249,116.98238990683842,24.630888687309806,0.05339967123587703,0.6849516473904962,1.524880293953494
"[55, 56, 57]",1074.5,"[1.2685739907870766, 0.433158065314478, 1.4398605974882386]",174.00241870357064,75.67015143402887,0.2622954931816152,1,72.91776189653656,30.870698080866266,58.000806234523544,23.534224317318813,0.22654978528745554,0.7213534100999441,2.362037998153698
"[55, 56, 61]",836.0,"[2.268585878582591, 0.25561499909586033, 0.6173917759113422]",195.11055523876792,80.4602815803952,0.2622954931816152,1,93.55746896961249,30.870698080866266,65.03685174625598,31.7224190818305,0.21350078677044557,0.9212666242525468,3.030623691260148
"[55, 57, 126]",2623.5,"[1.0013587569128148, 0.860352245251768, 1.2798816514252103]",236.95029602672588,78.7333228060912,0.41248256280371676,2,88.72992730753249,70.21395872616783,78.98343200890862,9.296569374837201,0.17536529057832953,0.5986351813469929,1.2637077999486732
"[56, 57, 58]",1484.0,"[1.395067187926184, 1.191801224979308, 0.5547242406843013]",191.53653145917195,63.08079873093963,0.13670543942946967,1,77.27871634544663,41.340053217188775,63.84551048639065,19.611888896745025,0.11387004230423546,0.6763538780128787,1.8693424495475714
"[56, 58, 59]",1272.0,"[0.7329323900805971, 1.7286696204194316, 0.6799906430897645]",178.8369351968505,58.57039421958107,0.0,1,77.27871634544663,49.20365840057018,59.6123117322835,15.380456264349972,0.041660434083046156,0.760930205545628,1.570588831348994
"[56, 59, 60]",1422.0,"[1.2462003801405195, 0.8848370892673357, 1.010555184181938]",173.7943581419877,67.24797898576857,0.12559005375214558,1,64.1248781675256,52.354560450833695,57.931452713995895,5.909329883251259,0.20418587952459583,0.5847103331068759,1.2248193398117713
"[56, 60, 61]",1088.0,"[1.5083775167989393, 1.1324597669369387, 0.5007553698539154]",168.80726635581476,76.54851364349345,0.2622954931816152,1,70.68238818828917,34.0,56.269088785271585,19.56232273818309,0.1724152417343818,0.7203309650750882,2.078893770243799
"[57, 58, 64]",805.0,"[2.131959739083249, 0.4753429821664952, 0.5342899323400496]",163.81880843718434,66.87267105091108,0.13670543942946967,1,76.47875521999558,41.340053217188775,54.606269479061446,19.08488932035455,0.129750531643287,0.8756435610339695,1.8499916973545765
"[58, 59, 63]",1725.0,"[1.0517438630444476, 0.6487550009063613, 1.4410937896389846]",200.66704545211462,69.36124749343838,0.0,1,80.75270893288967,49.20365840057018,66.88901515070488,16.117986172384004,0.3044607270740066,0.6734199702630487,1.6411931868048637
"[58, 63, 64]",1150.0,"[0.7055681776852112, 1.6506263125071339, 0.7853981633974483]",166.87042293459257,74.46593301367477,0.0,1,70.71067811865476,46.0,55.623474311530856,13.230406579984637,0.248150666927656,0.7353459418388031,1.5371886547533642
"[59, 60, 62]",1200.0,"[0.8772888192075097, 1.186703164490087, 1.0776006698921967]",159.30619037989518,71.2416956395649,0.12559005375214558,1,57.3149195236284,47.53945729601885,53.10206345996506,5.025563096884313,0.18084242796069921,0.5619590680892738,1.2056283934151721
"[59, 62, 63]",1774.0,"[1.35063573524922, 0.6119861446575824, 1.178970773682991]",204.7709214489041,74.84325724897168,0.0,1,80.75270893288967,47.53945729601885,68.25697381630137,18.068710196389905,0.24319271791187827,0.6511358879846951,1.6986459990499774
"[60, 61, 163]",2159.0,"[1.547178671789946, 0.26303051289666063, 1.3313834689031867]",291.7641548882095,88.10504640281073,0.38788554693376076,2,130.728726758888,34.0,97.25471829606983,54.81130954217526,0.079182663354573,0.8118010320927932,3.844962551732
"[60, 62, 73]",2593.0,"[1.6156947866713935, 0.507681233685011, 1.018216633233389]",261.6808664475636,82.04474701715881,0.12559005375214558,1,111.89280584559492,54.45181356024793,87.22695548252119,29.566659531901838,0.10093400984626709,0.7470075077807925,2.054895852491519
"[60, 73, 74]",3148.0,"[1.6266466969099767, 1.0600372013720323, 0.45490875530778424]",296.31130180867336,79.88697249837905,0.2923908615982082,1,128.06248474865697,56.356011214421486,98.77043393622445,37.61119607344175,0.147481196613764,0.761149391635696,2.272383761537151
"[60, 74, 163]",1730.0,"[1.5650160443512349, 1.3684035847771168, 0.20817302446144131]",285.80972367975755,81.95326708036735,0.41798091535035375,2,130.728726758888,27.018512172212592,95.26990789325252,59.122474364802855,0.17822198025158487,0.8429706369865074,4.838487253688863
"[62, 63, 66]",3464.0,"[1.0201244538000616, 0.7769541104820218, 1.3445140893077099]",275.7371926442189,84.75518699654297,0.0,1,106.30145812734648,76.47875521999558,91.91239754807297,14.938767199721658,0.12279805842936699,0.6273851170206423,1.3899475458454333
"[62, 66, 73]",3134.0,"[1.2084637215952596, 1.1474914005333574, 0.7856375314611764]",260.4042518478774,83.45457190001464,0.0,1,95.33624704172072,72.11102550927978,86.80141728262579,12.777751625039823,0.10604628140921969,0.5775573961391026,1.3220758735354852
"[63, 64, 65]",1519.0,"[1.8478782774343296, 0.5615534890543349, 0.7321608871011289]",203.73152272164813,113.827799018574,0.18744504820626942,1,90.60353193998566,50.15974481593781,67.91050757388271,20.669892152268947,0.47440346356226454,0.8008940255542139,1.80629969854227
"[63, 65, 67]",6504.5,"[0.6199535558102159, 0.29475719723870536, 2.226881900540872]",518.9345978844037,130.05313357839802,0.18744504820626942,1,247.12952069714376,90.60353193998566,172.97819929480124,78.58634648011089,0.3176075345054059,0.9092159839489827,2.7275925717866984
"[63, 66, 67]",3191.0,"[2.393292730194195, 0.41059118090722874, 0.3377087424883694]",375.7413170484439,100.77867722254211,0.0,1,181.2015452472743,88.23831367382311,125.24710568281462,49.292431235604425,0.1803791316795392,0.9314370196366445,2.0535472370550276
"[65, 67, 68]",411.0,"[3.060473456701186, 0.06957217134615157, 0.011547025542465053]",576.2407654204786,130.8348733269227,0.313035101958415,1,288.0624932197873,41.04875150354759,192.08025514015955,132.3886829677553,0.3079046476427066,0.9995982383403862,7.017570149359885
"[65, 128, 133]",928.5,"[0.05154051286126489, 3.032336046214264, 0.057716094514266694]",522.4500282904824,143.71153170060475,0.7327377118820465,2,261.03064954139006,123.3288287465668,174.1500094301608,75.60199285212236,0.1925471457426506,0.9985130053878855,2.116542029907639
"[66, 67, 70]",1883.0,"[1.0397223488318024, 1.5076832331798764, 0.5941870715781142]",213.97226256706512,89.01516419068088,0.0,1,88.23831367382311,49.49747468305833,71.32408752235504,19.83209037532749,0.3541573566817754,0.7017859094582671,1.782683141692171
"[66, 70, 73]",2656.0,"[0.8794748091954494, 0.9518301710643481, 1.3102876733299957]",238.7908521562236,78.48819548821437,0.0,1,90.44335243676012,72.11102550927978,79.5969507187412,9.61707618860485,0.22171422675379046,0.6096722398948108,1.2542236335984598
"[67, 68, 70]",1011.5,"[0.9340518719373976, 0.7298996581517315, 1.4776411235006643]",151.84059786949373,91.98864066575652,0.12559005375214558,1,61.29437168288782,41.04875150354759,50.61353262316458,10.168848170062464,0.3444386700208392,0.6769401030206029,1.4932091583245966
"[68, 69, 72]",567.0,"[1.3303876360082292, 0.5904535790318133, 1.2207514385497507]",116.58175054061117,58.808577073174526,0.2622954931816152,1,45.89117562233506,26.30589287593181,38.86058351353706,10.898741830189296,0.5497053520935266,0.649183793955402,1.7445207368088431
"[68, 69, 157]",91.0,"[2.874066719777629, 0.13410500451660645, 0.13342092929555804]",104.48801202831999,63.22867411185583,0.39102726714341657,1,52.009614495783374,26.1725046566048,34.82933734277333,14.878705938183703,0.46867901147429625,0.9910671236395396,1.9871852227432276
"[68, 70, 72]",994.5,"[0.8441539861131712, 1.512040504079174, 0.7853981633974484]",150.6021339974077,65.4485538366994,0.2622954931816152,1,61.29437168288782,43.41658669218482,50.20071133246923,9.68673694136176,0.42492916403406755,0.6863274825655602,1.4117731575135795
"[68, 150, 157]",131.0,"[0.015636782014460213, 3.094069920641583, 0.031885950933760204]",316.06471654905926,73.52065752519569,0.8153700460066252,2,158.01265772082945,52.009614495783374,105.35490551635309,53.00486605454704,0.2831822361620806,0.9997507080408033,3.038143221262295
"[69, 72, 158]",934.0,"[1.439858148878437, 0.8762687099588861, 0.8254657947524704]",144.10593684903193,40.78009112330421,0.2622954931816152,1,57.27128425310541,42.44997055358225,48.03531228301065,8.056870410430404,0.04777133129044063,0.6595441167895228,1.3491477969534758
"[69, 157, 158]",712.0,"[1.4195721003589767, 0.4687553965895586, 1.2532651566412578]",138.48014053297825,45.200188161985515,0.39102726714341657,1,57.27128425310541,26.1725046566048,46.16004684432608,17.345752015823113,0.19283170048258555,0.7052344642772634,2.18822329022502
"[70, 71, 72]",237.5,"[2.1563658451193546, 0.6097383103893602, 0.37548849808107837]",92.35442764708023,55.334309673037524,0.2868925090515712,1,43.41658669218482,19.1049731745428,30.78480921569341,12.183730230517977,0.22179406024131781,0.8871782212909768,2.272528011190145
"[70, 71, 73]",1255.0,"[0.9279329730171879, 0.2671745581143254, 1.9464851224582798]",225.3952004252559,71.34742779962814,0.15018706962210152,1,105.11898020814318,29.8328677803526,75.1317334750853,39.91032369629594,0.2302368218076198,0.8739797444448377,3.5235962221966703
"[71, 72, 116]",518.0,"[1.350492727697738, 0.3479836021718333, 1.4431163237202216]",129.3464968636886,54.09680263599831,0.4235979484810408,2,55.569775957799216,19.1049731745428,43.11549895456287,20.798572663734223,0.2215442416165804,0.7532155844752817,2.9086550109290616
"[71, 73, 106]",4893.5,"[1.2648832253938231, 0.9886641730312054, 0.8880452551647647]",322.76022992154344,77.89066425990681,0.3267558026413197,1,120.0041665943312,97.63708311906906,107.58674330718115,11.385912209044394,0.15469104343517004,0.5918647493202992,1.2290838968221258
"[71, 106, 116]",2502.5,"[0.45776369791145316, 1.8161040455202826, 0.8677249101580574]",269.04752022491,66.1902592875347,0.4634612420707893,2,120.0041665943312,54.67174773134658,89.68250674163666,32.91765448516099,0.17642232479767223,0.8051628178722777,2.194994152812233
"[72, 116, 158]",830.0,"[0.8659526366666381, 1.495037979820091, 0.780602037103064]",137.2370896136366,46.18256084978989,0.3990009326110849,2,55.569775957799216,39.21734310225516,45.74569653787887,8.66007346368639,0.16050445812927286,0.6804408455502957,1.416969421230469
"[73, 74, 106]",1361.0,"[2.1038358872468077, 0.5202787448642405, 0.5174780214787452]",210.07339390473035,78.2682575362033,0.34336954086528076,1,97.63708311906906,56.08029957123981,70.02446463491012,23.913626427025523,0.1467077782486158,0.8683767942652959,1.7410228523305036
"[74, 106, 163]",757.5,"[0.45204271412573555, 1.1352537652545465, 1.5542961742095116]",144.94539612771732,80.33455211819158,0.4689595946174263,2,61.84658438426491,27.018512172212592,48.315132042572436,18.66740537844468,0.18311749336900876,0.7442535348784692,2.289044784926075
"[75, 76, 85]",3014.0,"[1.3976955307227688, 0.6660325642261544, 1.0778645586408704]",263.367224256356,75.94807820724515,0.12559005375214558,1,104.44615837837216,65.5133574166368,87.78907475211867,20.065331575889388,0.10492037843271977,0.6572203489911379,1.59427271776257
"[75, 76, 106]",2110.0,"[0.8903023701450178, 0.8851700576805209, 1.3661202257642544]",214.1742916506335,76.11472922404205,0.3021587867713637,1,82.87339742040264,65.5133574166368,71.39143055021117,9.944619952092674,0.10543067305128766,0.6311716146813703,1.264984740338729
"[75, 84, 85]",2496.0,"[1.600835365275274, 0.6035169688991692, 0.9372403194153502]",247.96447147681232,70.62244895949492,0.0,1,104.44615837837216,59.30430001273095,82.65482382560411,22.611283633122717,0.08538419904924947,0.7277549193790471,1.7611903075485342
"[75, 84, 103]",1800.0,"[0.8308148563752439, 0.8037836445686116, 1.5069941526459376]",202.33289854596146,61.257687926542786,0.0,1,82.20097323024831,59.30430001273095,67.44429951532048,12.802331597471262,0.1663961666609131,0.6842558546716015,1.3860879095209302
"[75, 103, 107]",845.0,"[0.9040435951911494, 1.618098294290701, 0.619450764107943]",144.03690881833117,55.75326445918525,0.15018706962210152,1,60.8276253029822,35.35533905932738,48.01230293944372,12.73688147376058,0.17940499854116196,0.7310196979614877,1.7204650534085253
"[75, 106, 107]",1102.0,"[0.8143349953312643, 1.5517423716532979, 0.7755152866052308]",159.70665249473979,65.28467650893428,0.3267558026413197,1,65.7875368135941,46.06517122512408,53.23555083157993,10.907070710663065,0.21305672642183388,0.700470147493105,1.428140503203283
"[76, 77, 78]",1935.0,"[1.2694128924871018, 1.1409806640656805, 0.7311990970370107]",206.86403869417927,78.42775581541459,0.42596419299634863,1,78.02563681252464,54.56189146281496,68.95467956472642,12.60469155468905,0.05044451177097598,0.6056085427401963,1.4300390752710743
"[76, 77, 85]",1482.0,"[1.820532327961248, 0.8796527628472008, 0.4414075627813444]",208.86673944413474,78.76893174126464,0.2757771233742471,1,93.40770846134704,41.182520563948,69.62224648137824,26.42185066056737,0.04765270880795143,0.8090117132134255,2.2681396665923845
"[76, 78, 83]",3115.0,"[1.0475457965939898, 0.9040336243353746, 1.1900132326604287]",256.2106239222726,84.78083649142148,0.4013671771263927,1,92.17917335276988,78.02563681252464,85.40354130742419,7.095963516438979,0.10920976426826912,0.561960362069176,1.1813959759694435
"[76, 83, 163]",3578.0,"[1.2324542823967508, 0.9367522654891317, 0.9723861057039108]",274.9126542840209,91.27461949111093,0.3767701612564367,2,100.70253224224304,86.00581375697809,91.63755142800697,7.927089782452733,0.07906288748338523,0.5780521307372326,1.1708805235747513
"[76, 106, 163]",2559.0,"[1.5169211967465026, 0.9644900487141856, 0.6601814081291049]",245.42251404691058,85.69882202497934,0.42774884052350926,2,100.70253224224304,61.84658438426491,81.80750468230353,19.44989116890704,0.10833583826116465,0.6958440084532622,1.6282634400075926
"[77, 78, 125]",3305.5,"[1.5367752731125501, 0.42847916948430664, 1.1763382109929363]",307.04124733515624,85.0956460667649,0.4584205769301488,2,131.24404748406687,54.56189146281496,102.34708244505208,41.68467431177276,0.18202985478752057,0.7465650624426233,2.4054160140968053
"[77, 85, 161]",1154.0,"[1.7874458151607489, 0.5457031103266032, 0.808443728102441]",176.0591225697998,81.30272097855975,0.33763211782837094,1,77.4919350642375,41.182520563948,58.68637418993327,18.189673627052873,0.09939166044109149,0.7861838916715007,1.8816705243650258
"[77, 125, 161]",4755.0,"[0.6095423578994614, 1.3235921480544726, 1.2084581476358591]",335.3061212066783,89.76689758623654,0.4956785555143168,2,131.24404748406687,77.4919350642375,111.76870706889277,29.77640307730371,0.1518391013227238,0.6431574720860251,1.6936478276774374
"[78, 79, 83]",1606.5,"[1.487886916245321, 0.4091350422889828, 1.2445706950554896]",216.59440353777947,79.09471940267612,0.42596419299634863,1,92.17917335276988,36.7967389859482,72.19813451259316,30.743195334126494,0.1847689965443303,0.7408994318114943,2.5050908285098554
"[78, 79, 125]",2157.0,"[1.5203061269195226, 0.30797364831839463, 1.3133128783518762]",275.42029210085616,81.81644752742442,0.4584205769301488,2,121.23530838827442,36.7967389859482,91.80676403361872,47.67889592380661,0.23322948371639718,0.7862977669360509,3.294729688806698
"[79, 80, 81]",452.0,"[2.0994208301712822, 0.5079346245988315, 0.5342371988196796]",120.8713427066503,64.95435222389776,0.30037413924420303,1,56.1426753904728,31.622776601683796,40.29044756888343,13.748445441161087,0.02253096757024608,0.867354106276203,1.7753872816937717
"[79, 80, 83]",1323.0,"[0.967771541311741, 0.301819285119913, 1.8720018271581385]",220.83359034531549,75.4679285910819,0.2757771233742471,1,101.59232254457028,31.622776601683796,73.61119678177182,37.02819955834876,0.22197077737325238,0.8519896208612382,3.21263132027315
"[79, 81, 125]",2516.0,"[1.7867703154067405, 0.48606910014612803, 0.8687532380369246]",265.291478092742,77.38649556901882,0.4584205769301488,2,117.38824472663352,56.1426753904728,88.43049269758068,30.758282492601857,0.28687676361117076,0.7936827482064541,2.090891535007857
"[80, 81, 82]",672.0,"[1.2760662215855192, 0.7678561033400458, 1.0976703286642282]",121.13931458965206,75.3431897890123,0.2757771233742471,1,45.60701700396552,33.1058907144937,40.37977152988402,6.497005217140556,0.2503663402426741,0.6038081517674911,1.3776103291490311
"[81, 82, 89]",1971.0,"[1.1437102232897165, 0.42860817234501103, 1.569274257955066]",237.42364486536803,85.09801516779636,0.41248256280371676,1,102.08329931972224,42.42640687119285,79.14121495512268,32.12479016492719,0.22249479379025616,0.7542710114131705,2.406126439829056
"[81, 89, 125]",3879.0,"[0.9895164616944687, 1.0089363042618953, 1.143139887633429]",284.5794514821689,87.06318494277748,0.44493894673751694,2,99.90495483208028,91.76055797563568,94.85981716072297,4.4071115655622535,0.24112716299519663,0.5409786226268961,1.0887570546226093
"[84, 85, 101]",2385.0,"[0.7307558223260989, 1.1953605328103838, 1.215476298453311]",229.49384099079055,69.22514498302597,0.0,1,84.86459803710851,60.41522986797286,76.49794699693018,13.93183971635799,0.10828727576922734,0.5867734374042646,1.4046888213876791
"[84, 101, 160]",1252.5,"[1.1224331268262278, 1.221640744824027, 0.7975187819395385]",164.3657218967661,58.50254022105957,0.265437213391271,1,60.41522986797286,46.01086828130936,54.788573965588704,7.701833822267467,0.1965748543505737,0.5811923415546552,1.3130643285972259
"[84, 102, 103]",1260.5,"[1.5775395803956742, 1.1411843024471764, 0.42286877074694235]",190.6680863832478,55.44235089001014,0.19942319619508575,1,82.20097323024831,33.734255586866,63.55602879441594,26.09495747888961,0.18048778411631283,0.7578423619913144,2.4367211251654894
"[84, 102, 154]",1098.0,"[0.71152902159457, 1.80417009504669, 0.6258935369485334]",169.89260238207135,53.709414518821056,0.41159458562669,1,74.73285756613352,45.0,56.630867460690446,15.88764538799153,0.22037266777951253,0.7853410884054502,1.6607301681363005
"[84, 154, 160]",1032.0,"[1.3469009476729656, 1.0049140084760844, 0.7897776974407433]",150.3012642554401,52.23363252048515,0.47760860282287526,1,57.9396237474839,42.20189569201838,50.10042141848003,7.869031740694726,0.2449821972520146,0.6273126314001848,1.3729151924907956
"[85, 101, 161]",2432.5,"[0.58028231808879, 0.9455289617807886, 1.615781373720215]",246.8102519671785,77.08456346807134,0.18744504820626942,1,104.5609869884557,57.38466694161429,82.2700839890595,23.694934493466008,0.1783117732755375,0.7350546732462596,1.8221067152805939
"[86, 87, 123]",295.0,"[0.38885940479185127, 2.401470969849856, 0.35126227894808604]",114.4531600856671,77.4476000852318,0.660845834104442,2,55.22680508593631,28.178005607210743,38.15105336188903,14.857512950270095,0.2825640676004922,0.9324700985935628,1.9599259740300354
"[86, 87, 125]",1177.5,"[0.538179862357915, 0.6694323501162166, 1.9339804411156616]",184.0373317409368,81.31009111869608,0.5945550494539689,2,83.19254774317228,45.617978911828175,61.34577724697893,19.520333525482215,0.3219320283395345,0.8249563779621608,1.823678946933826
"[86, 123, 124]",1103.0,"[0.8634407020138826, 0.3114706248148984, 1.9666813267610124]",201.53211258964825,86.20190758003525,0.676310479572995,2,93.47726996441436,31.04834939252005,67.17737086321608,32.35430830444213,0.3677827032461704,0.8650909824432501,3.010700143271843
"[86, 124, 125]",1573.5,"[0.39771649974975914, 0.7126148934852078, 2.0312612603548263]",228.13750451495582,90.06439861349953,0.6100196949225218,2,105.51303237041384,45.617978911828175,76.04583483831861,29.959080520182027,0.36991552687954793,0.8604565673158759,2.3129703438714952
"[87, 88, 99]",8242.5,"[1.1674430008345, 0.4313714697971899, 1.542778182958103]",484.0528535049839,131.21394556603613,0.5610482182926781,1,207.0024154448445,86.58521813797087,161.35095116832795,65.27484841509612,0.3936754933940672,0.7471650898451582,2.3907362006640964
"[87, 88, 125]",3528.0,"[0.8621700546672264, 0.9111675841579759, 1.3682550147645909]",277.1090288011331,102.63460294531778,0.5069232665470197,2,107.33126291998992,83.19254774317228,92.36967626704437,13.06768378413462,0.13384978707959283,0.6321868023350574,1.2901547774608062
"[87, 99, 123]",1721.5,"[0.08502991209211394, 0.611449899190553, 2.445112842307126]",431.49293776785044,122.94390962104927,0.6486800011996273,2,212.8497122384712,28.178005607210743,143.83097925595015,100.78181437844658,0.46341407368591647,0.9735024340366331,7.553753633436819
"[88, 89, 125]",2016.0,"[1.5596360758731513, 0.3854938669293297, 1.1964627107873127]",247.59708989329133,104.70603434623251,0.4314573165448851,2,107.33126291998992,40.36087214122113,82.53236329776378,36.709855798258104,0.10250040685238794,0.7651989457162626,2.659289981258135
"[88, 91, 99]",10505.0,"[1.5049231865379642, 0.6078311008522037, 1.0288383661996257]",503.20054710912075,137.55054355081836,0.3488768288610739,1,207.0024154448445,118.4736257569591,167.73351570304024,45.10212372878831,0.3235910213515324,0.6988646899348776,1.747244706340772
"[90, 91, 95]",2378.5,"[1.5867714234375871, 0.6346517822770268, 0.9201694478751794]",239.85526051879845,87.76019025288095,0.2868925090515712,1,100.40916292848976,59.53990258641679,79.95175350626614,20.43466826033368,0.21497703912104466,0.7200571738012413,1.6864179914092896
"[90, 92, 94]",1248.0,"[2.0952761826154935, 0.7171950426955412, 0.3291214282787589]",215.0795175276617,78.74943126929283,0.4536933168976338,1,100.84641788382967,37.65634076752546,71.69317250922056,31.876849332151846,0.13377959515954546,0.8828125840781634,2.678072691831992
"[90, 94, 122]",4096.5,"[1.427874157224343, 0.9747255414067549, 0.7389929549586953]",303.54488351327336,89.70074886088469,0.5029294434706181,2,120.61923561356208,82.0792300158816,101.18162783775779,19.272189345069748,0.285339993075312,0.6593894131220538,1.4695463832960338
"[90, 95, 122]",3301.5,"[1.5815486005859978, 0.9834230717884124, 0.5766209812153832]",286.7931307318814,90.91842824833533,0.4863157052466569,2,120.61923561356208,65.76473218982953,95.59771024396046,27.741966299591486,0.2637808598212185,0.7258615171033853,1.8341021334260943
"[91, 95, 97]",1637.0,"[2.299444644877564, 0.503889897973748, 0.3382581107384822]",258.2949601592562,83.74311228356429,0.15018706962210152,1,123.4706442843804,54.91812087098393,86.0983200530854,34.69321152696454,0.24879769923458167,0.9157891399869424,2.248267827197567
"[91, 97, 99]",7615.5,"[1.607022346830264, 0.7674117086789684, 0.7671585980805612]",424.6333938603434,123.23121809804498,0.21217138943160427,1,177.72450590731714,123.4382436686459,141.54446462011447,31.332839052785207,0.48100619491004426,0.7197979278134724,1.43978479136819
"[92, 93, 94]",590.0,"[0.9521519758701494, 0.7534156354024784, 1.4360250423171657]",115.08304733160439,91.6497972846222,0.4671749470902657,1,45.803929962395145,31.622776601683796,38.361015777201466,7.116790204295059,0.32061534656383506,0.661150599224471,1.4484474446799922
"[92, 93, 119]",2635.0,"[1.4406070927273806, 0.18894505678323928, 1.512040504079174]",366.6372739156567,106.99218451781168,0.5125455286758073,2,168.07438829280326,31.622776601683796,122.21242463855224,78.4549864313881,0.1907396779820461,0.8464541989586138,5.314978833447975
"[95, 96, 97]",599.0,"[1.5382535625058353, 1.1542771575534294, 0.4490619335305287]",129.0212198603415,63.3861596279286,0.31698787746816415,1,54.91812087098393,23.853720883753127,43.007073286780496,16.750745385153362,0.2296235246874291,0.741104240173155,2.302287393175163
"[95, 96, 122]",1600.0,"[1.082462375738491, 0.7406519319428327, 1.3184783459084695]",188.12513580471375,78.04402678216425,0.5164110736632499,2,72.11102550927978,50.24937810560445,62.70837860157125,11.246727512614527,0.46016184805680643,0.6215711634183683,1.435063044118292
"[96, 97, 98]",461.5,"[1.2693309476843855, 0.5979836627191673, 1.2742780431862406]",104.83517671075056,71.82223171571643,0.3789721972776669,1,40.52159917870962,23.853720883753127,34.94505890358352,9.605430096441134,0.340778275202017,0.6300629001476681,1.698753807684111
"[96, 98, 122]",998.0,"[0.48747261924858315, 0.2659287085921903, 2.3881913257490193]",217.89419391712062,86.48009886995209,0.5783953934727526,2,105.32331175955302,40.45985664828782,72.63139797237353,32.434858453029186,0.41787920500492487,0.935617716952151,2.6031558311022858
"[97, 98, 99]",2461.5,"[1.096561543669552, 0.29636615278248096, 1.74866495713776]",300.52118437562257,119.17067837453999,0.42434277886320854,1,136.56134152826706,40.52159917870962,100.17372812520752,52.075294432633875,0.5139783437701554,0.8328950501337326,3.3700876642602373
"[98, 99, 108]",10077.5,"[1.025865338206245, 0.8538416130410591, 1.2618857023424892]",464.0701131704494,159.74559422589576,0.655391839049857,2,172.58621034138272,136.56134152826706,154.69003772348313,18.0135599941004,0.34852996091118393,0.5920951677478791,1.26379990420392
"[98, 108, 122]",2429.0,"[0.12213403403878487, 0.1801768403512131, 2.8392817791997946]",517.6327414122559,135.91233821816226,0.6426436458133384,2,257.3868683519033,105.32331175955302,172.54424713741864,77.5482054574579,0.3846232768056097,0.9890142169217557,2.4437787233609067
"[99, 123, 124]",6669.5,"[2.406823736125295, 0.516249806770736, 0.21851911069376279]",595.4100152574044,131.6982171158527,0.6641446466681803,2,289.0830330545188,93.47726996441436,198.4700050858015,98.59252315395382,0.38548622740933736,0.9437073775729431,3.0925489497561185
"[100, 101, 159]",675.0,"[0.9585804946165077, 0.7418550341009955, 1.44115712487229]",123.33764863754452,70.50894979268081,0.3000853504228456,1,49.20365840057018,33.52610922848042,41.112549545848175,7.850949290389634,0.12824462599040926,0.6637125324468215,1.467622087169354
"[100, 101, 161]",1747.0,"[1.4896924274425245, 0.31703853261331644, 1.3348616935339526]",245.27384912978442,78.08471484486519,0.18744504820626942,1,107.18675291284832,33.52610922848042,81.75794970992814,41.79062680605892,0.1781106443992056,0.7762256999340252,3.1971127989344255
"[100, 159, 162]",453.5,"[0.12356282872840774, 0.035499391732645914, 2.9825304331287374]",362.84568346200365,85.36443647423965,0.4668861582689083,1,181.22361876973983,40.60788100849391,120.94856115400121,72.42353438051225,0.2382083875301793,0.9978061810760762,4.462769646410101
"[100, 161, 162]",3785.5,"[1.778179386629375, 0.8387772113158117, 0.5246360556446069]",320.3812663270926,92.94020152642405,0.35424585605233205,1,141.01418368376991,72.18032973047436,106.7937554423642,34.418609759471124,0.14734283292036313,0.7861764912806284,1.9536372888614566
"[101, 159, 160]",912.0,"[1.036202003353901, 1.168554242840739, 0.9368364073951531]",138.29584513895557,58.78619365392052,0.5655225638141167,1,49.20365840057018,43.08131845707603,46.09861504631852,3.062113031389135,0.20107401410598086,0.5522780414522115,1.1421112482802522
"[102, 103, 105]",620.5,"[0.9897056251305115, 0.8357153678589266, 1.316171660600355]",115.7587733736932,44.96597209555964,0.3496102658171873,1,44.01136216933077,33.734255586866,38.58625779123107,5.162466900909848,0.18108002181266672,0.6134209085812251,1.3046489807964232
"[102, 105, 110]",765.0,"[1.299849476456476, 0.8589494538859881, 0.982793723247329]",128.15989925569858,41.27687058432031,0.7032292482031943,2,48.373546489791295,38.01315561749642,42.719966418566194,5.244683383662505,0.18301951530001834,0.6062884793307824,1.2725475089872904
"[102, 110, 111]",1005.0,"[1.4226363060630653, 0.9409654560604449, 0.7779908914662832]",149.58849002745404,41.686172584032654,0.9137740219273486,2,59.20304046246274,42.01190307520001,49.862830009151345,8.691793555861397,0.17057410483148203,0.6550063173596655,1.4091968258731609
"[102, 111, 154]",1057.5,"[0.84283491901949, 1.3815973046949284, 0.9171604298753748]",152.05698491848435,43.642337724082914,0.7723264289729457,2,59.20304046246274,45.0,50.68566163949478,7.513025771949101,0.15004865905500445,0.6375931664432744,1.315623121388061
"[103, 104, 105]",558.0,"[1.3436048599940076, 1.1274211031514858, 0.6705666904442997]",112.8871113907735,41.03115876216575,0.2868925090515712,1,44.01136216933077,28.0713376952364,37.629037130257835,8.431094055608433,0.18103982576518207,0.6389964924785013,1.5678398602571524
"[103, 104, 107]",706.5,"[0.625597028591972, 0.7420941755999833, 1.7739014493978378]",135.29518835342378,46.0031140892587,0.2868925090515712,1,59.13543776789008,35.35533905932738,45.09839611780793,12.45800952808796,0.15032714735900224,0.7764657488140811,1.672602762164406
"[104, 105, 155]",357.0,"[1.3690950884934763, 0.9340518719373976, 0.8384456931589195]",88.23811041970488,36.95148415387567,0.5074135884375652,1,34.20526275297414,25.96150997149434,29.41270347323496,4.282442246350586,0.03417636423459462,0.6330457162640922,1.3175374926393502
"[104, 107, 116]",608.0,"[0.32709809700579295, 1.1722738811284763, 1.642220675455524]",143.75096589597837,47.75378264168984,0.4235979484810408,2,64.0,20.615528128088304,47.91698863199279,23.768535938551416,0.18174683727650298,0.8024981174958704,3.104456000465062
"[104, 116, 158]",403.5,"[1.6314405842210384, 0.47042972053695264, 1.0397223488318024]",105.23110908160812,44.927730387504965,0.3990009326110849,2,45.39823785126467,20.615528128088304,35.07703636053604,12.899700781120801,0.1942400249191374,0.7587507822663464,2.202137998560917
"[104, 155, 158]",553.5,"[1.4977557614917774, 0.850242190950655, 0.7935947011473609]",112.0534620834147,39.09738722678375,0.4828165725676093,1,45.39823785126467,32.449961479175904,37.3511540278049,7.024025853226216,0.06516361983436485,0.6810904677651296,1.3990228580208963
"[105, 110, 155]",540.5,"[0.5330826973042925, 0.9574056850662792, 1.6511042712192217]",118.65621534580126,37.079257706708624,0.7243271313941028,2,50.92150822589606,25.96150997149434,39.552071781933755,12.627368159483602,0.03871227747405185,0.7517786728708208,1.9614232100447055
"[106, 107, 116]",1312.0,"[2.0441523686298115, 0.44943055747131727, 0.6480097274886643]",204.43677712435627,61.10206975551116,0.4634612420707893,2,94.3716058992322,46.06517122512408,68.14559237478542,24.41858636027847,0.24319140403037326,0.8574157006143867,2.048654186869963
"[109, 134, 135]",275.0,"[0.4488286515082257, 1.9606715740626592, 0.7320924280189081]",91.79315778797546,33.20804913029435,1.0460516163059346,2,41.88078318274385,19.6468827043885,30.597719262658487,11.120672816215153,0.12733136493664252,0.8390861687905763,2.1316757377183806
"[109, 134, 152]",505.5,"[1.5085622572365198, 1.0941777471681577, 0.5388526491851154]",113.1100903729958,32.16352590230261,0.9598487737018241,2,47.042533945356304,24.186773244895647,37.70336345766527,11.986850127067877,0.17742963672979128,0.7120368375797227,1.9449694041053662
"[109, 135, 151]",165.5,"[2.0618506593473263, 0.5482508281517194, 0.5314911660907474]",71.99339615612061,36.292942809199246,1.05259164323611,2,33.24154027718932,19.1049731745428,23.99779871870687,8.00989918692152,0.16811502995595315,0.8578051172837421,1.7399417404827016
"[109, 149, 150]",850.0,"[0.573831718713392, 1.1024539166065954, 1.465307018269806]",144.3346860669562,49.57225236213145,1.0807445775503766,2,59.07622195096772,32.2490309931942,48.111562022318736,14.068276357068997,0.3484718027022772,0.6929074146890383,1.8318758775553632
"[109, 149, 152]",771.5,"[1.0667845726033858, 1.4076451235950098, 0.6671629573913977]",133.29350734533992,35.246351800863906,0.921839012078439,3,53.009433122794285,33.24154027718932,44.431169115113306,10.139369635056338,0.22257375822875766,0.66027333111986,1.5946743947713484
"[109, 150, 151]",382.0,"[0.40300448736653244, 0.3903090779996492, 2.3482790882236113]",125.89752451253935,49.574320142475045,1.1252943661039372,2,60.40695324215582,32.2490309931942,41.965841504179785,15.978179504220511,0.34842790034224363,0.9223763370876772,1.8731401031833808
"[110, 111, 148]",619.0,"[1.1188478915142803, 1.2065486794876612, 0.8161960825878516]",115.21607861583178,34.91592908613249,1.0490983167502883,2,42.01190307520001,32.7566787083184,38.40535953861059,4.954042598230113,0.13555545455060936,0.57390036517632,1.2825446514066547
"[110, 136, 148]",315.0,"[1.81801462783443, 0.596409922766667, 0.7271681029886962]",91.60909510775743,30.528999462023005,1.040006529399414,2,40.44749683231337,23.43074902771996,30.536365035919143,8.84848097639603,0.24384889822605385,0.790583136487487,1.7262570985016994
"[110, 136, 152]",198.0,"[1.6614562139956417, 0.8850668158886101, 0.5950696237055411]",70.55093863955976,29.495586368619342,0.9706962517726595,2,30.14962686336267,16.97056274847714,23.51697954651992,6.5899551980909,0.2663402127331743,0.746253662019105,1.7765838004439871
"[110, 152, 153]",105.0,"[1.4711276743037347, 1.4382447944982226, 0.23222018478783565]",67.41511876420579,30.08324813648912,0.9358130421883564,2,30.265491900843116,7.0,22.471706254735263,13.39901589674922,0.2406603096275015,0.8146916794658642,4.3236417001204455
"[110, 153, 155]",686.0,"[1.4160664056944365, 0.627663392039041, 1.0978628558563157]",127.06727911455702,33.68929185018126,0.8908969081830795,2,50.92150822589606,30.265491900843116,42.35575970485234,10.769606758708054,0.21389202519472886,0.6687371817451637,1.6824939899449487
"[111, 112, 143]",170.5,"[1.7221231961859291, 0.8218561657836458, 0.5976132916202184]",66.06913998866699,31.200382068024407,0.9545719744691161,2,28.600699292150185,16.278820596099706,22.023046662888998,6.203073716015389,0.16323710931914848,0.7633277168859872,1.7569269913204104
"[111, 112, 154]",360.5,"[1.921792763446899, 0.42882298406285063, 0.7909769060800435]",105.27890642042559,37.02008173498863,0.9391073290005632,2,47.8539444560216,21.18962010041709,35.09296880680853,13.3688185897837,0.1934017659649042,0.8333300157113701,2.258367267994562
"[111, 141, 143]",333.5,"[1.0899090465995607, 0.9342881110069455, 1.1173954959832868]",83.54294283429587,29.78201698393406,0.7250733176758826,2,29.0,25.942243542145693,27.847647611431956,1.6621623760216202,0.20475064190967082,0.5316911500008978,1.1178678495129646
"[111, 141, 148]",326.0,"[1.3769426647666798, 0.8900986419212906, 0.8745513469018227]",84.31141920019549,30.68234779350881,0.8321847737937508,2,32.7566787083184,25.612496949731398,28.103806400065164,4.032877228664982,0.18334450137194677,0.6353766578163554,1.2789334352136221
"[112, 143, 144]",169.0,"[1.6769051712770688, 0.6214509271348196, 0.8432365551779047]",64.9623111628365,29.439095236166022,0.9535042004153881,2,27.80287754891569,16.278820596099706,21.6541037209455,5.80083511779136,0.0810249451060279,0.7482050947757198,1.7079171912231201
"[112, 144, 160]",477.0,"[1.7522175125034, 0.6008224140204681, 0.7885527270659252]",111.0619511237318,35.633887545305036,0.9913053789065019,3,48.373546489791295,27.80287754891569,37.020650374577265,10.45022338349607,0.23869836778254563,0.7716506229862018,1.739875536432662
"[112, 154, 160]",741.0,"[1.3216939757021517, 0.812418612584713, 1.0074800653029283]",126.81078404579657,39.89389665918412,0.8438126990455785,2,48.373546489791295,36.23534186398688,42.27026134859886,6.0693910964547895,0.21576039937711944,0.6167166003934281,1.3349824784699542
"[113, 138, 140]",247.5,"[0.13800602365751877, 2.9243875589628225, 0.07919907096945206]",198.54366492807236,41.669838631902685,0.6954797332978787,2,99.0,36.345563690772494,66.18122164269079,31.433562521953448,0.1843377487295064,0.9945384276491608,2.723853751238817
"[113, 140, 142]",203.5,"[0.20752229865524682, 2.7391019747843397, 0.19496838015020668]",127.69664073066474,36.21226102980672,0.5455814524971346,2,63.198101237299845,31.25699921617557,42.56554691022158,17.895846567027487,0.25370471122238464,0.9798377100275453,2.021886387756464
"[113, 142, 143]",476.0,"[1.038292228493046, 1.0516502125483735, 1.0516502125483735]",99.46792555931992,34.21580696005944,0.6230304177751903,2,33.24154027718932,32.984845004941285,33.155975186439974,0.148203084532109,0.3156940698292487,0.5019380136116028,1.0077822185373186
"[113, 143, 144]",296.0,"[1.0343608691901653, 1.4298453457022258, 0.677386438697402]",82.50110014931509,34.98479842696867,0.8325074174456164,2,32.984845004941285,20.8806130178211,27.500366716438364,6.131455430166118,0.2955179101371451,0.6661417530216666,1.5796875779839181
"[113, 144, 145]",118.0,"[0.3492665436820965, 1.8513331185332187, 0.940992991374478]",62.91687031132287,35.29457277037638,0.9514449728254318,2,28.635642126552707,10.198039027185567,20.972290103774288,9.60440376622602,0.28275934633879035,0.8353155252259729,2.807955730529844
"[113, 144, 159]",755.0,"[1.5310821199616578, 0.5060073123078944, 1.1045032213202413]",140.4426299069695,48.65650603951128,0.9049567329683049,3,59.033888572581766,28.635642126552707,46.814209968989836,16.051312017059495,0.3751605814125401,0.7251541739246293,2.0615528128088303
"[113, 145, 159]",49.0,"[2.9441970937399127, 0.03388532990412035, 0.16351022994576284]",118.23192759976733,47.406589829833855,0.8918662539557499,3,59.033888572581766,10.198039027185567,39.410642533255775,25.791507956571596,0.423035599622067,0.9972270964156699,5.788749034516473
"[114, 115, 137]",135.5,"[1.1325543117036043, 0.9092424327587894, 1.0997959091273997]",53.34513859921935,24.55970714733338,0.7858091995752883,2,18.68154169226941,16.278820596099706,17.781712866406448,1.3099737802769322,0.19834509144212134,0.5389383491395211,1.1475979836490966
"[114, 115, 150]",346.0,"[1.1850687141851293, 0.3626103442254743, 1.5939135951791896]",104.67968283485615,41.022639209444854,0.9858147561020779,1,45.880278987817846,16.278820596099706,34.89322761161872,16.207837618437992,0.6033635880757745,0.7802847645729798,2.818403134119584
"[114, 137, 138]",95.5,"[2.236534296833079, 0.5394969913071839, 0.36556136544953083]",60.282240984419595,31.767661505735205,0.861557327661715,2,28.600699292150185,13.0,20.094080328139864,7.895688928104621,0.40612643892904365,0.9027559192022849,2.2000537917038603
"[114, 138, 149]",603.0,"[0.8995029474688705, 0.5557244275947758, 1.6863652785261467]",124.90231791707747,38.914807119430336,0.9588744129944388,3,53.85164807134504,28.600699292150185,41.63410597235916,12.645229528306366,0.21163578387357873,0.7579330101780817,1.88287871989638
"[114, 149, 150]",902.0,"[0.8028808715774227, 0.8011626231150507, 1.53754915889732]",144.04677575548857,46.8593487085971,1.0831318414348017,2,59.07622195096772,42.44997055358225,48.01559191849619,9.57885165740995,0.4352268407645078,0.6952552302633642,1.3916669712738452
"[115, 137, 147]",113.5,"[0.42392803957593367, 0.5183339866502995, 2.1993306273635596]",63.66577587293125,26.204199861607222,0.6730116670092565,2,30.01666203960727,15.264337522473747,21.221925290977083,7.774627349029715,0.2887045189605078,0.892049109771225,1.966456912749316
"[115, 147, 150]",343.5,"[1.0778971669820723, 0.29746383268042753, 1.7662316539272933]",112.2327756080708,42.66713192371869,0.8730172235360462,2,51.0881590977792,15.264337522473747,37.410925202690265,19.35546468618285,0.5570596327861663,0.8355299618107876,3.3468965831345048
"[118, 119, 120]",1163.5,"[0.38244210833764797, 1.3723266535020227, 1.3868238917501228]",187.9468709483494,82.53548318299943,0.655391839049857,1,79.07591289387686,30.01666203960727,62.64895698278314,28.26061364256059,0.3220946935810556,0.7263269682472343,2.6344006135504157
"[124, 125, 161]",4617.0,"[0.763476032380671, 0.9667737320297571, 1.4113428891793651]",320.72289124495273,102.84726451454344,0.5731275207923724,2,126.57013865837392,88.63972021616495,106.90763041498424,19.003626984860187,0.11871969811057304,0.651910091266578,1.4279167211912265
"[124, 161, 162]",1264.5,"[0.40636943574527384, 1.8286649372088848, 0.9065582806356346]",197.0553918106262,104.40978488485871,0.5818818909524893,2,88.63972021616495,36.23534186398688,65.68513060354206,26.799168389960048,0.12001175771338357,0.8175913953448533,2.446222821600065
"[128, 129, 133]",470.5,"[2.176009352118857, 0.051252502731272416, 0.9143307987396634]",279.70791201353927,106.20327543677804,0.7696298860121961,1,138.0905500025255,8.602325267042627,93.23597067117976,73.33880732261983,0.36057552436072676,0.9750961890660413,16.052700370628898
"[134, 135, 156]",597.0,"[0.9291739060758394, 0.6617202168176485, 1.5506985306963055]",118.96862022372136,33.7344844662751,1.0298707556587539,3,49.24428900898052,30.265491900843116,39.65620674124045,9.490937801081257,0.15125095146496967,0.7062712277198508,1.6270771071660233
"[134, 152, 153]",42.0,"[0.5191461142465227, 2.4329663814621227, 0.18948015788114653]",49.625862159481414,28.01391954003614,0.9418581290948769,2,24.186773244895647,7.0,16.54195405316047,8.749036184328626,0.13114178468650306,0.9507719921143838,3.455253320699378
"[134, 153, 155]",355.0,"[0.9959077255248044, 0.40745682279956885, 1.7382281052654198]",103.37061628193689,31.619963253728276,0.8969419950896,2,45.880278987817846,18.43908891458577,34.456872093978966,14.285865330765247,0.18814509165539367,0.7980520057326426,2.48820748141875
"[134, 155, 156]",577.5,"[1.1586130030677808, 1.135592045930044, 0.8473876045919684]",110.79011247656894,36.2960049519755,0.8987517790493665,2,39.45883931389772,32.28002478313795,36.93003749218965,4.032182565088139,0.10190554145505283,0.5531772750489354,1.2223918531348141
"[135, 151, 156]",457.0,"[1.4166674663541023, 0.39343601954192936, 1.3314891676937615]",116.76413593116413,36.819378145179996,1.0364107825889295,2,49.24428900898052,19.1049731745428,38.921378643721376,17.166520518384146,0.17286314774810996,0.7293305783962218,2.5775638918246733
"[136, 148, 149]",326.0,"[0.9813792970335627, 1.0616166599545807, 1.0985966966016496]",82.41587806007416,31.542496764131318,1.0080418546825494,3,28.284271247461906,26.40075756488817,27.471959353358056,0.9680774406855377,0.2879578038637057,0.5225093602961713,1.0713431680111605
"[136, 149, 152]",222.0,"[0.530453052864377, 0.9060218319775509, 1.7051177687478651]",76.61286059055463,30.50908367072766,0.9387315770557949,3,33.24154027718932,16.97056274847714,25.537620196851545,8.169757158082492,0.31427745150910547,0.7664405887810984,1.9587765455905266
"[137, 138, 147]",81.0,"[0.2998394133570054, 0.12827270222100345, 2.7134805380117846]",85.20670825906524,33.41215422000904,0.7487597950956832,1,42.190046219457976,13.0,28.402236086355078,14.661837468149205,0.38374480764533164,0.9807838223386979,3.2453881707275367
"[138, 140, 146]",373.0,"[1.8037540567951724, 0.8757944070503867, 0.4620441897442338]",103.48404453338684,35.115702355087166,0.5869778594744167,1,46.04345773288535,21.095023109728988,34.494681511128945,12.576781033661527,0.271171119889561,0.8015840418343945,2.18266922455516
"[138, 146, 149]",806.0,"[1.425427063922492, 1.0084142079550777, 0.7077513817122235]",135.27871783013865,37.99628011436216,0.758445097521458,2,53.85164807134504,35.38361202590826,45.09290594337955,9.2706391566217,0.2575082792035563,0.6613482252384429,1.5219375577573675
"[139, 140, 142]",141.0,"[0.8317471347198933, 0.37330189081265913, 1.9365436280572412]",68.20218858561523,26.88482180830654,0.30037413924420303,1,31.25699921617557,12.206555615733702,22.734062861871745,9.682126764750391,0.27425977036134536,0.8460370551525918,2.5606731497529656
"[139, 140, 146]",63.5,"[0.5157742580464523, 0.5215791994696327, 2.1042391960737086]",45.38462469905726,26.13400795449839,0.2868925090515712,1,21.095023109728988,12.083045973594572,15.128208233019087,5.167782260082198,0.2728237495655941,0.8684795850664411,1.7458365345814746
"[139, 141, 142]",261.0,"[1.0549573522069866, 1.1117569801042109, 0.9748783212785956]",73.77093591354952,24.518320972849537,0.2868925090515712,1,25.495097567963924,23.53720459187964,24.590311971183173,0.987337703031793,0.2197458403437187,0.528112994857918,1.0831829017095667
"[139, 141, 146]",147.0,"[0.4849209950248673, 1.3891474967948847, 1.2675241617700412]",62.31677729526446,23.767507119041383,0.27341087885893933,1,25.495097567963924,12.083045973594572,20.772259098421486,7.534578815173987,0.18894646775661494,0.6923936593001543,2.1099892877738853
"[141, 142, 143]",333.5,"[1.020732232985331, 0.764124777373387, 1.356735643231075]",85.77874486906896,27.251738685166444,0.5145285439517284,1,33.24154027718932,23.53720459187964,28.59291495635632,4.864958524783384,0.06527368791720593,0.6327238104009681,1.4122977156198782
"[141, 146, 148]",252.0,"[1.1459641638755542, 1.0759088843638223, 0.9197196053504167]",72.71181047843525,27.40125564093304,0.6081583698769648,1,25.612496949731398,22.360679774997894,24.237270159478417,1.6828852678318615,0.07098571380875583,0.5437976698773392,1.1454256850621085
"[144, 145, 159]",588.0,"[1.4876550949064553, 0.4721219824037768, 1.181815576279561]",125.85628836541963,42.37225887373572,1.006323009995346,2,52.773099207835045,24.08318915758459,41.95209612180654,15.589497954714778,0.5225261529716229,0.7220962825533489,2.191283673541843
"[144, 159, 160]",748.0,"[0.7181679672787549, 1.4748352844335548, 0.9485894018774835]",130.7399447499359,48.25727683946702,0.9251866331066444,2,52.773099207835045,34.88552708502482,43.57998158331196,8.954206151149577,0.3799211435422165,0.6768659016650663,1.5127505191254158
"[146, 148, 149]",316.0,"[1.5328398816065822, 0.6834797959165744, 0.9252729760666365]",86.02856304836806,32.64833423566504,0.7931072381166376,2,35.38361202590826,22.360679774997894,28.67618768278935,6.520305972280763,0.23711367833933517,0.6986602082054832,1.5824032355881987
"[150, 151, 157]",281.0,"[2.938712688033818, 0.11503267252448966, 0.08784729303148696]",212.622983097063,55.31369272655201,1.0559840884771827,3,106.04244433244644,46.17358552246078,70.87432769902101,31.276900578824534,0.2526004342215858,0.994951288120634,2.296604067727487
"[151, 156, 157]",934.0,"[1.032268375340228, 1.1200790316092673, 0.9892452466402979]",139.53286937859005,45.318625676064414,0.950207939984819,2,48.41487374764082,44.94441010848846,46.510956459530014,1.7596573045777653,0.1875756113444329,0.5313426114390534,1.077216802507258
"[155, 156, 158]",337.5,"[1.227866239025255, 1.2134876437867965, 0.7002387707777415]",86.93358957348836,39.559377479653755,0.6646777635089843,1,32.449961479175904,22.20360331117452,28.977863191162786,5.8672964226617275,0.0601576882736776,0.5955910539401716,1.4614727629746767
"[156, 157, 158]",482.0,"[0.40032657752866485, 0.908963665536647, 1.8323024105244816]",122.18436504293103,45.497104524837766,0.7095938975142614,1,55.03635162326805,22.20360331117452,40.72812168097701,16.817555009848945,0.18428060207862917,0.8196273995375077,2.478712614883082
